Duration (ms),Start date,End date,Start station number,Start station,End station number,End station,Bike number,Member Type
427387,3/31/2016 22:57,3/31/2016 23:04,31602,Park Rd & Holmead Pl NW,31207,Georgia Ave and Fairmont St NW,W20842,Registered
587551,3/31/2016 22:46,3/31/2016 22:56,31105,14th & Harvard St NW,31266,11th & M St NW,W21385,Registered
397979,3/31/2016 22:46,3/31/2016 22:53,31634,3rd & Tingey St SE,31108,4th & M St SW,W00773,Registered
444282,3/31/2016 22:42,3/31/2016 22:50,31200,Massachusetts Ave & Dupont Circle NW,31201,15th & P St NW,W21397,Registered
780875,3/31/2016 22:21,3/31/2016 22:34,31203,14th & Rhode Island Ave NW,31604,3rd & H St NW,W00213,Registered
1023312,3/31/2016 22:20,3/31/2016 22:37,31224,19th & L St NW,31623,Columbus Circle / Union Station,W01261,Registered
660699,3/31/2016 22:10,3/31/2016 22:21,31202,14th & R St NW,31200,Massachusetts Ave & Dupont Circle NW,W21341,Registered
1800705,3/31/2016 21:50,3/31/2016 22:20,31232,7th & F St NW / National Portrait Gallery,31273,Hains Point/Buckeye & Ohio Dr SW,W01049,Registered

